Campaign Name,Account: Employees,Client PAL User,Account: Account Name,Account: Email Domain,Account: Website,Account: Revenue ($mil),Account: Vertical,Account: Main Phone,Account: Billing Street,Account: Billing City,Account: Billing State/Province,Account: Billing Country,Account: DUNS,Status,Account: Primary US NAICS Code,Account: Hoovers Last Refreshed Days,Account: Linked-In Last Refreshed Days,Campaign Account: ID,Account: Account ID,Campaign ID
Danlaw 2019 Q4 - Connected Security - A1,100,Ray Alvarado,3dfs Software-Defined Electricity,3dfs.com,http://www.3dfs.com,50000000,Energy & Utilities,+1 919-807-1884,5960 Fairview Road Suite 400,Charlotte,North Carolina,United States,,Active EMX,,,281,a071O000014UHYk,0011O00001zqoR2,7011O000003Ch5h
Danlaw 2019 Q4 - Connected Security - A1,24,Ray Alvarado,Abode,goabode.com,,2.5,Residential Construction Contractors,206-300-9758,18404 104th Ave Ne,San Francisco,CA,United States,155367659,Active EMX,236115,1322,108,a071O000014UHYl,0011400001pDhJt,7011O000003Ch5h
Danlaw 2019 Q4 - Connected Security - A1,0,Ray Alvarado,Acronova,acronova.com,,0,,,,,,,,Active EMX,,,108,a071O000014UHYm,0011O00002I6GiC,7011O000003Ch5h
Danlaw 2019 Q4 - Connected Security - A1,57,Ray Alvarado,ADT Security,adtsecurity.net,,0,SVCS - OTHER,812-638-4664,1010 25th St,Knoxville,37932,United States,106250320,Active EMX,922190,598,133,a071O000014UHYn,0011O000022a0xo,7011O000003Ch5h
Danlaw 2019 Q4 - Connected Security - A1,0,Ray Alvarado,Advanced Sports Logic,advancedsportslogic.com,www.https://advancedsportslogic.com,0,"Travel, Recreation, and Leisure",+1 603-463-0188,8 Old Wakefield Rd,Rochester,Minnesota,United States,,Active EMX,,1611,,a071O000014UHYo,0011400001ct4Mi,7011O000003Ch5h
Danlaw 2019 Q4 - Connected Security - A1,0,Ray Alvarado,Aernos,aernos.com,,0,,,,,,,,Active EMX,,,108,a071O000014UHYp,0011O00002I6GiE,7011O000003Ch5h
Danlaw 2019 Q4 - Connected Security - A1,60,Ray Alvarado,Affiliated Monitoring,affiliated.com,http://www.affiliated.com,7.89,Business Services,718-332-6100,2 Stahuber Ave,Union,New Jersey,United States,036033108,Active EMX,561621,166,134,a071O000014UHYq,0011400001c7zwZ,7011O000003Ch5h
Danlaw 2019 Q4 - Connected Security - A1,0,Ray Alvarado,Alarm Grid,alarmgrid.com,,0,,,,,,,,Active EMX,,,108,a071O000014UHYr,0011O00002I6GiH,7011O000003Ch5h
Danlaw 2019 Q4 - Connected Security - B1,485,Ray Alvarado,Alert 360,centralsecuritygroup.com,http://www.centralsecuritygroup.com,90,Security System Services,1-918-491-3151,2448 E 81St St Ste 4300,Tulsa,Oklahoma,United States,023545960,Active EMX,561621,221,125,a071O000016y1mC,0011400001iW5cb,7011O000003Cyxk
Danlaw 2019 Q4 - Connected Security - A1,105,Ray Alvarado,Alula Holdings,alula.net,http://www.alula.net,2.58,,715-808-0164,1402 Heggen St,Hudson,Wisconsin,United States,081103364,Active EMX,541618,209,108,a071O000014UHYs,0011O000023o9Cz,7011O000003Ch5h
Danlaw 2019 Q4 - Connected Security - A1,400,Ray Alvarado,Amazon,disneystore.com,www.amazon.com,10.16,Internet Software & Services,12062661000,443 S Raymond Ave,Albany,New York,United States,788842990,Active EMX,452111,1613,112,a071O000014UHYt,001a000001XeJuA,7011O000003Ch5h
Danlaw 2019 Q4 - Connected Security - A1,0,Ray Alvarado,Amerden,amerden.com,,0,,,,,,,,Active EMX,,,108,a071O000014UHYu,0011O00002I6GiM,7011O000003Ch5h
Danlaw 2019 Q4 - Connected Security - A1,0,Ray Alvarado,AMP Smart,ampsecurity.com,,0,,,,,,,,Active EMX,,,108,a071O000014UHYv,0011O00002I6GiN,7011O000003Ch5h
Danlaw 2019 Q4 - Connected Security - A1,10000,Ray Alvarado,Ankit,shopankit.com,http://www.shopankit.com,1.8,Business Services,561-962-2831,2385 Nw Executive Center Dr Ste 100,Boca Raton,Florida,United States,805718140,Active EMX,541618,,108,a071O000014UHYw,0011O00002HGTwZ,7011O000003Ch5h
Danlaw 2019 Q4 - Connected Security - B1,3,Ray Alvarado,Anova Culinary,anovaculinary.com,http://www.anovaculinary.com,0.29,,(855) 421-8282,667 Howard Street,San Francisco,CA,United States,079516830,Active EMX,335228,,108,a071O000016y1mD,0011O000022Yvos,7011O000003Cyxk
Danlaw 2019 Q4 - Connected Security - A1,200,Ray Alvarado,Arctouch,arctouch.com,www.arctouch.com,20.2,Software & Internet,(415) 944-2000,1001 Front St,San Francisco,California,United States,831863241,Active EMX,541511,214,112,a071O000014UHYx,0013000000pZz63,7011O000003Ch5h
Danlaw 2019 Q4 - Connected Security - A1,0,Ray Alvarado,ARLO,arlo.com,www.arlo.com,0,,,,,,,,Active EMX,,,143,a071O000014UHYy,0011O00002H325D,7011O000003Ch5h
Danlaw 2019 Q4 - Connected Security - B1,900,Ray Alvarado,Armit,armit.ch,,40.6,Janitorial & Carpet Cleaning Services,444348484,Schaffhauserstrasse 611,Z65533;65533;rich,Zuerich,Switzerland,480772003,Active EMX,561720,515,108,a071O000016y1mE,0011400001aLrfp,7011O000003Cyxk
Danlaw 2019 Q4 - Connected Security - A1,0,Ray Alvarado,Atlanta Audio & Automation,atlantaaudio.com,,0,,,,,,,,Active EMX,,,108,a071O000014UHYz,0011O00002I6GiR,7011O000003Ch5h
Danlaw 2019 Q4 - Connected Security - A1,50,Ray Alvarado,Atlantic Energy,atlanticenergyco.com,http://www.atlanticenergyco.com,0.42,Natural Gas Distribution & Marketing,800-917-9133,50 Broadway Fl 27,New York,New York,United States,969850218,Active EMX,221210,223,108,a071O000014UHZ0,0011400001laVSz,7011O000003Ch5h
Danlaw 2019 Q4 - Connected Security - B1,117,Ray Alvarado,Atronic Alarms,atronicalarms.com,http://Atronicalarms.Com,72.2,Electrical Products Wholesalers,8951800,5070 S 136th St,Omaha,NE,United States,,Active EMX,42361063,230,264,a071O000016y1mF,0011400001uNr27,7011O000003Cyxk
Danlaw 2019 Q4 - Connected Security - A1,42,Ray Alvarado,August Home,augusthome.com,http://www.august.com,5.5,Real Estate,415-891-0866,657 Bryant St,San Francisco,California,United States,079207610,Active EMX,444130,637,243,a071O000014UHZ1,0011400001fUL5h,7011O000003Ch5h
Danlaw 2019 Q4 - Connected Security - A1,46,Ray Alvarado,Automation Engineering,teamaec.com,http://Autoeng.Com,4.02,Engineering Services,4848519,1415 Profit Dr,Fort Wayne,IN,United States,780046447,Active EMX,54133011,599,108,a071O000014UHZ2,0011400001aKyfT,7011O000003Ch5h
Danlaw 2019 Q4 - Connected Security - A1,100,Ray Alvarado,Awair,getawair.com,http://www.getawair.com,0,Consumer Services,,,San Francisco,California,United States,,Active EMX,,,281,a071O000014UHZ3,0011O00001zqnFY,7011O000003Ch5h
Danlaw 2019 Q4 - Connected Security - A1,0,Ray Alvarado,Barsys,thebarsys.com,,0,,,,,,,,Active EMX,,,108,a071O000014UHZ4,0011O00002I6GiW,7011O000003Ch5h
Danlaw 2019 Q4 - Connected Security - A1,0,Ray Alvarado,Bayit,bayithomeautomation.com,,0,,,,,,,,Active EMX,,,108,a071O000014UHZ5,0011O00002I6GiX,7011O000003Ch5h
Danlaw 2019 Q4 - Connected Security - A1,0,Ray Alvarado,Behome247,behome247.com,,0,,,,,,,,Active EMX,,,108,a071O000014UHZ6,0011O00002I6GiY,7011O000003Ch5h
Danlaw 2019 Q4 - Connected Security - A1,0,Ray Alvarado,Bellwether Research Institute,bellwether-institute.net,,0,,,,,,,,Active EMX,,,108,a071O000014UHZ8,0011O00002I6GiZ,7011O000003Ch5h
Danlaw 2019 Q4 - Connected Security - B1,100,Ray Alvarado,Blokable,blokable.com,http://www.blokable.com,0,Real Estate & Construction,+1 800-928-6778,1136 Poplar Pl S,Vancouver,Washington,United States,010018920,Active EMX,321992,,278,a071O000016y1mG,0011O000026WiLG,7011O000003Cyxk
Danlaw 2019 Q4 - Connected Security - B1,0,Ray Alvarado,BLU Corporate Housing,blucorporatehousing.com,,0,,,,,,,,Active EMX,,,108,a071O000016y1mH,0011O00002I6Gib,7011O000003Cyxk
Danlaw 2019 Q4 - Connected Security - A1,0,Ray Alvarado,Brava Home,brava.com,,0,,,,,,,,Active EMX,,,108,a071O000014UHZ9,0011O00002I6Gih,7011O000003Ch5h
Danlaw 2019 Q4 - Connected Security - A1,62400,Ray Alvarado,Brink's,brinksinc.com,http://Brinks.Com,3488.9,Armored Vehicle Services,2899600,PO Box 18100,Richmond,VA,United States,,Remove,56161301,262,59,a071O000014UHZA,0011400001bU3lA,7011O000003Ch5h
Danlaw 2019 Q4 - Connected Security - A1,250,Ray Alvarado,Buildzoom,buildzoom.com,http://www.buildzoom.com,1000000,Real Estate & Construction,+1 978-667-9252,301 Howard St.,San Francisco,California,United States,,Active EMX,,,417,a071O000014UHZB,0011O00002857bY,7011O000003Ch5h
Danlaw 2019 Q4 - Connected Security - A1,25,Ray Alvarado,Bumblebee Spaces,bumblebeespaces.com,http://www.bumblebeespaces.com,0,Real Estate & Construction,,,San Francisco,California,United States,,Active EMX,,,364,a071O000014UHZC,0011O000029ogyT,7011O000003Ch5h
Danlaw 2019 Q4 - Connected Security - A1,70,Ray Alvarado,Canary,golfgps.com,http://Canaryusa.Com,13.94,Integrated Telecommunication Services,5727001,2438 Highway 85 N,Williston,ND,United States,969959944,Active EMX,21311202,262,112,a071O000014UHZD,0011400001bDfGZ,7011O000003Ch5h
Danlaw 2019 Q4 - Connected Security - B1,0,Ray Alvarado,Caseta By Lutron,lutron.com,,0,,,,,,,,Active EMX,,,108,a071O000016y1mI,0011O00002I6Gil,7011O000003Cyxk
Danlaw 2019 Q4 - Connected Security - A1,8,Ray Alvarado,Cello Technologies Seattle,celloseattle.com,http://www.celloseattle.com,0,,206-256-0900,2633 Eastlake Ave E Ste 99,Seattle,Washington,United States,868442463,Active EMX,236115,,108,a071O000014UHZE,0011O00002CNHme,7011O000003Ch5h
Danlaw 2019 Q4 - Connected Security - A1,0,Ray Alvarado,Cherry Home,cherryhome.ai,,0,,,,,,,,Active EMX,,,108,a071O000014UHZF,0011O00002I6Gio,7011O000003Ch5h
Danlaw 2019 Q4 - Connected Security - A1,100,Ray Alvarado,Cielo Wigle,cielowigle.com,https://www.cielowigle.com,0,Computers & Electronics,+1 425-529-5775,17252 NE 119th WAY,Redmond,WA,United States,,Active EMX,,,281,a071O000014UHZG,0011O00001zqnNd,7011O000003Ch5h
Danlaw 2019 Q4 - Connected Security - A1,0,Ray Alvarado,Cliqk,cliqk.com,,0,,,,,,,,Active EMX,,,108,a071O000014UHZH,0011O00002I6Giq,7011O000003Ch5h
Danlaw 2019 Q4 - Connected Security - A1,0,Ray Alvarado,Comoli,comoli.jp,http://comoli.com/,0,,,,M65533;65533;laga y alrededores,,United States,,Active EMX,,,108,a071O000014UHZI,0011O00001zqm4w,7011O000003Ch5h
Danlaw 2019 Q4 - Connected Security - A1,999,Ray Alvarado,Control4,control4.com,www.control4.com,250,Consumer Goods and Services,Melbourne,11734 S Election Rd,Melbourne,Utah,United States,142606370,Active EMX,334419,363,112,a071O000014UHZJ,0013000000euwv6,7011O000003Ch5h
Danlaw 2019 Q4 - Connected Security - A1,7,Ray Alvarado,Crows Nest,,http://www.crowsnestohio.com,0.09,Restaurants,1-615-708-480,2170 N Buck Rd,Nashville,Tennessee,United States,135835320,Active EMX,722511,183,196,a071O000014UHZK,0011400001iWC3G,7011O000003Ch5h
Danlaw 2019 Q4 - Connected Security - A1,600,Ray Alvarado,CUB Cadet,cubcadet.com,http://Cubcadet.Com,125.41,,2252600,5965 Grafton Rd,Valley City,OH,,,Active EMX,33311205,,108,a071O000014UHZL,0011O00002I6Giy,7011O000003Ch5h
Danlaw 2019 Q4 - Connected Security - B1,0,Ray Alvarado,Cytiot,cytiot.com,www.cytiot.com,0,,650.466.7011,"1900 South Norfolk Street, Suite 350",San Mateo,CA,United States,,Active EMX,,,108,a071O000016y1mJ,0011400001s9NpD,7011O000003Cyxk
Danlaw 2019 Q4 - Connected Security - A1,0,Ray Alvarado,Devcon Security Services,devconhomesecurity.com,,0,,,,,,,,Active EMX,,,108,a071O000014UHZM,0011O00002I6Gj2,7011O000003Ch5h
Danlaw 2019 Q4 - Connected Security - A1,60,Ray Alvarado,DOOR Com,thisisdoor.com,http://www.door.com,2,,-5318,14675 Dallas Pkwy Ste 600,Dallas,Texas,United States,015760660,Active EMX,531210,209,204,a071O000014UHZN,0011O000023mOwY,7011O000003Ch5h
Danlaw 2019 Q4 - Connected Security - A1,75,Ray Alvarado,Dream Finders Homes,dreamfindershomes.com,http://www.dreamfindershomes.com,32,Education,+1 904-644-7670,12428 San Jose Boulevard,Jacksonville,Florida,United States,969006712,Active EMX,236116,223,208,a071O000014UHZO,0011O00002644vN,7011O000003Ch5h
Danlaw 2019 Q4 - Connected Security - A1,0,Ray Alvarado,DROP,earnwithdrop.com,,0,,,,,,,,Active EMX,,,108,a071O000014UHZP,0011O00002857tM,7011O000003Ch5h
Danlaw 2019 Q4 - Connected Security - A1,250,Ray Alvarado,Dvele,dvele.com,www.dvele.com,0,Real Estate & Construction,5005001000,2201 Market St,San Francisco,California,United States,081128495,Active EMX,321991,655,231,a071O000014UHZQ,0011O000022bZm4,7011O000003Ch5h
Danlaw 2019 Q4 - Connected Security - A1,0,Ray Alvarado,Dwelo,dwelo.com,http://www.dwelo.com,0,,415.582.6701,769 North 1890 West #12,Provo,UT,United States,,Active EMX,,,108,a071O000014UHZR,0011400001s9Nsn,7011O000003Ch5h
Danlaw 2019 Q4 - Connected Security - B1,100,Ray Alvarado,Earth Tech,earthtech.com,www.earthtech.com,35,Engineering Services,-9721,300 Oceangate Ste 700,Land O Lakes,Florida,United States,051622272,Active EMX,541330,251,252,a071O000016y1mK,0011400001abGWp,7011O000003Cyxk
Danlaw 2019 Q4 - Connected Security - A1,0,Ray Alvarado,EAST Point Systems,eastpointsystems.com,,0,,,,,,,,Active EMX,,,108,a071O000014UHZS,0011O00002I6Gj7,7011O000003Ch5h
Danlaw 2019 Q4 - Connected Security - B1,1000,Ray Alvarado,Ecobee,ecobee.com,www.ecobee.com,10000000,Computers & Electronics,+1 877-932-6233,250 University Avenue,Toronto,ON,Canada,243738403,PAL Remove,423730,347,243,a071O000016y1mL,0011400001hMwFD,7011O000003Cyxk
Danlaw 2019 Q4 - Connected Security - B1,100,Ray Alvarado,Ecolink Intelligent Technology,discoverecolink.com,http://www.discoverecolink.com,10000000,Manufacturing,8554326546,2055 Corte Del Nogal,Carlsbad,California,United States,025112404,Active EMX,334310,,658,a071O000016y1mM,0011O000022YvMJ,7011O000003Cyxk
Danlaw 2019 Q4 - Connected Security - A1,0,Ray Alvarado,Ecovent,ecoventsystems.com,www.ecoventsystems.com,0,,,,Boston,MA,United States,,Active EMX,,1529,108,a071O000014UHZT,0011400001jC7lz,7011O000003Ch5h
Danlaw 2019 Q4 - Connected Security - A1,250,Ray Alvarado,EH Publishing,ehpub.com,www.ehpub.com,250000000,Media & Entertainment,+1 508-663-1500,111 Speen St Ste 200,Framingham,Massachusetts,United States,829417179,Active EMX,511199,198,440,a071O000014UHZU,001a000001L70pe,7011O000003Ch5h
Danlaw 2019 Q4 - Connected Security - A1,250,Ray Alvarado,Essential,essential.com,http://www.essential.com,10000000,Computers & Electronics,+1 781-229-9599,1 Burlington Woods Drive,Burlington,MA,United States,080537288,Active EMX,541511,843,260,a071O000014UHZV,0011O00001z06Sf,7011O000003Ch5h
Danlaw 2019 Q4 - Connected Security - A1,20,Ray Alvarado,EVE Com,eveinc.org,,0.9,,517-372-5572,1221 N Grand River Ave,Lansing,MI,United States,613721307,Active EMX,624190,1178,108,a071O000014UHZW,0011400001rYCbk,7011O000003Ch5h
Danlaw 2019 Q4 - Connected Security - A1,7,Ray Alvarado,Evolve Energy,,,0.09,,,1410 Roswell Manor Cir,Roswell,Georgia,United States,047732413,Active EMX,999990,,108,a071O000014UHZX,0011O00002H1hvt,7011O000003Ch5h
Danlaw 2019 Q4 - Connected Security - A1,2,Ray Alvarado,FAIR Market,fairmarketinc.com,http://Fairmarketinc.Com,3.61,Food Wholesalers,8376671,10458 National Blvd,Los Angeles,CA,United States,152201612,Active EMX,42442005,1255,123,a071O000014UHZY,0011400001l1WxD,7011O000003Ch5h
Danlaw 2019 Q4 - Connected Security - A1,30,Ray Alvarado,Fieldcentrix,fieldcentrix.com,http://www.fieldcentrix.com,2.4,Computer Software,949-784-5000,8 Hughes,Irvine,California,United States,007570567,Active EMX,511210,592,108,a071O000014UHZZ,0013000000hRD6n,7011O000003Ch5h
Danlaw 2019 Q4 - Connected Security - A1,0,Ray Alvarado,Flume,flumetech.com,,0,,,,,,,,Active EMX,,,108,a071O000014UHZa,0011O00002I6GjH,7011O000003Ch5h
Danlaw 2019 Q4 - Connected Security - A1,1000,Ray Alvarado,Frontpoint,frontpointsecurity.com,http://www.frontpointsecurity.com,250000000,Computers & Electronics,+1 866-960-6301,1595 Spring Hill Road Suite 110,Vienna,VA,United States,,Active EMX,,,243,a071O000014UHZb,0011O00002EarBW,7011O000003Ch5h
Danlaw 2019 Q4 - Connected Security - A1,0,Ray Alvarado,Garageio,garageio.com,,0,,,,,,,,Active EMX,,,108,a071O000014UHZc,0011O00002I6GjK,7011O000003Ch5h
Danlaw 2019 Q4 - Connected Security - A1,0,Ray Alvarado,Garbi,garbican.com,,0,,,,,,,,Active EMX,,,108,a071O000014UHZd,0011O00002I6GjL,7011O000003Ch5h
Danlaw 2019 Q4 - Connected Security - A1,0,Ray Alvarado,Gartenzwerg Technologies,gartenzwerg.me,,0,,,,,,,,Active EMX,,,108,a071O000014UHZe,0011O00002I6GjM,7011O000003Ch5h
Danlaw 2019 Q4 - Connected Security - A1,1000,Ray Alvarado,Greenwave Systems,greenwavesystems.com,http://www.greenwavesystems.com,50000000,Software & Internet,+1 949-460-2000,"GreenWave Reality, Inc. 133 Technology, Suite 200",Irvine,California,United States,305110600,PAL Remove,518210,461,,a071O000014UHZf,0011O000027W1c5,7011O000003Ch5h
Danlaw 2019 Q4 - Connected Security - A1,1500,Ray Alvarado,Guardian,guardian.co.uk,http://www.hardees.com,56,"Travel, Recreation, and Leisure",1-252-443-4101,Longbridge Road,Rocky Mount,North Carolina,United States,215824452,Active EMX,511110,349,293,a071O000014UHZg,0011400001vjBA6,7011O000003Ch5h
Danlaw 2019 Q4 - Connected Security - A1,0,Ray Alvarado,Hampton Brinks Home Security,brinkshome.com,,0,,,,,,,,Active EMX,,,108,a071O000014UHZh,0011O00002I6GjU,7011O000003Ch5h
Danlaw 2019 Q4 - Connected Security - B1,1,Ray Alvarado,Handyman,handymanokcok.com,http://www.handymanokcok.com,0.03,,405-885-1058,1324 Sw 20Th St,Oklahoma City,Oklahoma,United States,065055033,Active EMX,812990,601,108,a071O000016y1mN,0011O000023SqZm,7011O000003Cyxk
Danlaw 2019 Q4 - Connected Security - A1,0,Ray Alvarado,HEMP Shield Wood Finish and Deck Sealer,hempshield.net,,0,,,,,,,,Active EMX,,,108,a071O000014UHZi,0011O00002I6GjX,7011O000003Ch5h
Danlaw 2019 Q4 - Connected Security - A1,0,Ray Alvarado,HEMS Technology,hemstech.com,http://www.hemstech.com,0,,,,Dallas/Fort Worth,,United States,,Active EMX,,,108,a071O000014UHZj,0011O00001zqnRW,7011O000003Ch5h
Danlaw 2019 Q4 - Connected Security - B1,0,Ray Alvarado,Hogar Controls,hogarcontrols.com,,0,,,,,,,,Active EMX,,,108,a071O000016y1mO,0011O00002I6GjZ,7011O000003Cyxk
Danlaw 2019 Q4 - Connected Security - A1,0,Ray Alvarado,Homeation,homeation.com,,0,,,,,,,,Active EMX,,,108,a071O000014UHZk,0011O00002I6Gjc,7011O000003Ch5h
Danlaw 2019 Q4 - Connected Security - A1,10000,Ray Alvarado,Honeywell,honeywell.com,http://Buildingsolutions.Honeywell.Com,5000,Software and Technology,9511000,1985 Douglas Dr N,Minneapolis,MN,United States,,Active EMX,33399901,271,213,a071O000014UHZl,0013000000Kxp6u,7011O000003Ch5h
Danlaw 2019 Q4 - Connected Security - A1,0,Ray Alvarado,Houzz,houzz.com,www.houzz.com,0,,(650) 326-3000,285 Hamilton Avenue,Palo Alto,CA,United States,,Active EMX,,,112,a071O000014UHZm,0011O00002HgGbq,7011O000003Ch5h
Danlaw 2019 Q4 - Connected Security - B1,140,Ray Alvarado,Hunter,hunterchevrolet.com,http://www.huntersubaru.com,67.41,Automobile Dealers,888-452-1519,2520 Asheville Hwy,Hendersonville,North Carolina,United States,024618852,Active EMX,441110,230,108,a071O000016y1mP,0013000000ekS2d,7011O000003Cyxk
Danlaw 2019 Q4 - Connected Security - A1,0,Ray Alvarado,Hygge Power,hyggepower.com,,0,,,,,,,,Active EMX,,,108,a071O000014UHZn,0011O00002I6Gji,7011O000003Ch5h
Danlaw 2019 Q4 - Connected Security - A1,0,Ray Alvarado,IKOS,meetikos.com,http://www.meetikos.com,0,,,,Pittsburgh,,United States,,Active EMX,,,108,a071O000014UHZo,0011O00001xoudq,7011O000003Ch5h
Danlaw 2019 Q4 - Connected Security - A1,0,Ray Alvarado,Infolink-Exp,infolinksa.com,http://www.infolink-exp.com,0,,,,Chihuahua y alrededores,,United States,,Active EMX,,,108,a071O000014UHZp,0011O00001zqmZS,7011O000003Ch5h
Danlaw 2019 Q4 - Connected Security - A1,0,Ray Alvarado,Inirv,inirv.com,,0,,,,,,,,Active EMX,,,108,a071O000014UHZq,0011O00002I6Gjn,7011O000003Ch5h
Danlaw 2019 Q4 - Connected Security - B1,250,Ray Alvarado,Inspire,helloinspire.com,clinicahealth.com,0,Health & Wellness,+1 866-403-2620,3402 Pico Blvd Ste 215,Pacific Palisades,California,United States,079094281,Active EMX,221122,240,199,a071O000016y1mQ,0011O00002Ed8Z6,7011O000003Cyxk
Danlaw 2019 Q4 - Connected Security - B1,0,Ray Alvarado,Inspirit Iot,inspirit-iot.com,www.inspirit-iot.com,0,,,,Champaign,,United States,,Active EMX,,,108,a071O000016y1mR,0011O00001xounV,7011O000003Cyxk
Danlaw 2019 Q4 - Connected Security - B1,25,Ray Alvarado,Internet of Things Consortium,iofthings.org,http://www.iofthings.org,0,Other,,665 3rd Street,New York City,California,United States,,Active EMX,,1830,1239,a071O000016y1mS,001a000001YcxKZ,7011O000003Cyxk
Danlaw 2019 Q4 - Connected Security - B1,0,Ray Alvarado,Invergo Coffee,invergocoffee.com,,0,,,,,,,,Active EMX,,,108,a071O000016y1mT,0011O00002I6Gjr,7011O000003Cyxk
Danlaw 2019 Q4 - Connected Security - A1,0,Ray Alvarado,Invocable,invocable.com,www.invocable.com,0,,,,,,United States,,Active EMX,,,108,a071O000014UHZr,0011O000029ohDP,7011O000003Ch5h
Danlaw 2019 Q4 - Connected Security - A1,0,Ray Alvarado,Iobridge,iobridge.com,http://www.iobridge.com,0,,508-630-2165,"225 Cedar Hill Street, Suite 200",Marlborough,MA,United States,,Active EMX,,,108,a071O000014UHZs,0011400001sAOg4,7011O000003Ch5h
Danlaw 2019 Q4 - Connected Security - A1,100,Ray Alvarado,Ipdatatel,ipdatatel.com,http://www.ipdatatel.com,50000000,Business Services,7134522728,13110 Southwest Freeway,Sugar Land,Texas,United States,,Active EMX,,1586,1300,a071O000014UHZt,0011400001ct4Zl,7011O000003Ch5h
Danlaw 2019 Q4 - Connected Security - B1,0,Ray Alvarado,Isowalk,isowalk.com,http://isowalk.com,0,,,,West Hollywood,,United States,,Active EMX,,,108,a071O000016y1mU,0011O00001zqlYn,7011O000003Cyxk
Danlaw 2019 Q4 - Connected Security - A1,0,Ray Alvarado,JOSH Ai,josh.ai,,0,,,,,,,,Active EMX,,,108,a071O000014UHZu,0011O00002I6Gjs,7011O000003Ch5h
Danlaw 2019 Q4 - Connected Security - A1,500,Ray Alvarado,JR Automation Technologies,epochrobotics.com,http://Jrautomation.Com,200,Metalworking Machinery Manufacturing,3992168,13365 Tyler St,Holland,MI,United States,,Active EMX,33331846,230,209,a071O000014UHZv,0011400001eyU9q,7011O000003Ch5h
Danlaw 2019 Q4 - Connected Security - A1,0,Ray Alvarado,KAA Iot,kaaiot.io,,0,,,,,,,,Active EMX,,,108,a071O000014UHZw,0011O00002I6Gju,7011O000003Ch5h
Danlaw 2019 Q4 - Connected Security - B1,100,Ray Alvarado,KEEN Home,keenhome.io,www.keenhome.io,1000000,Computers & Electronics,+1 312-504-4061,"137 Varick St, 2nd Floor",New York,New York,United States,079399525,Active EMX,334512,,112,a071O000016y1mV,0011O000022mmpU,7011O000003Cyxk
Danlaw 2019 Q4 - Connected Security - B1,7758,Ray Alvarado,Kidde,kidde.com,www.kidde.com,1041.56,Management of Companies & Enterprises,44-0175-3766392,Mathisen Way,Slough,Berkshire,United States,220366954,Active EMX,551112,1477,108,a071O000016y1mW,0013000000LARRx,7011O000003Cyxk
Danlaw 2019 Q4 - Connected Security - B1,0,Ray Alvarado,Konnected,konnected.io,,0,,,,,,,,Active EMX,,,108,a071O000016y1mX,0011O00002I6Gjz,7011O000003Cyxk
Danlaw 2019 Q4 - Connected Security - B1,0,Ray Alvarado,Kooltechs,kooltechs.com,,0,,,,,,,,Active EMX,,,108,a071O000016y1mY,0011O00002I6Gk0,7011O000003Cyxk
Danlaw 2019 Q4 - Connected Security - A1,375,Ray Alvarado,KWIK Set,kwikset.com,http://Kwikset.Com,105.15,Business Services,4631313,2600 N State Highway 91,Denison,TX,United States,,Active EMX,33251019,906,281,a071O000014UHZx,0013000000Kxmxm,7011O000003Ch5h
Danlaw 2019 Q4 - Connected Security - A1,250,Ray Alvarado,Latch,latch.com,www.latch.com,0,Software & Internet,+1 646-828-9974,,New York,New York,United States,,Active EMX,,,112,a071O000014UHZy,0011O000029oiPx,7011O000003Ch5h
Danlaw 2019 Q4 - Connected Security - A1,5759,Ray Alvarado,Leviton,leviton.com,,0.1,,(631) 812-6000,10196 Harmony Cir,Eden Prairie,Minnesota,United States,075425091,Active EMX,3343,,108,a071O000014UHZz,0011O000022mR2g,7011O000003Ch5h
Danlaw 2019 Q4 - Connected Security - A1,24,Ray Alvarado,LEXI,lexi.com,,2.99,,353944833,"2-11-1, Sugamo",Toshima-Ku,Tokyo,Japan,697449465,Active EMX,541511,257,108,a071O000014UHa0,0011O00002Dtr9T,7011O000003Ch5h
Danlaw 2019 Q4 - Connected Security - A1,10,Ray Alvarado,LIFE Ai,life.ai,,0.15,,720-401-7034,3000 Lawrence St,Denver,Colorado,United States,064768929,PAL Remove,541511,,108,a071O000014UHa1,0011O00002HGFeR,7011O000003Ch5h
Danlaw 2019 Q4 - Connected Security - B1,0,Ray Alvarado,Lifedoor,lifedoor.io,,0,,,,,,,,Active EMX,,,108,a071O000016y1mZ,0011O00002I6Gk5,7011O000003Cyxk
Danlaw 2019 Q4 - Connected Security - B1,0,Ray Alvarado,Lifetone Technology,lifetonesafety.com,http://lifetonesafety.com,0,,,,Oklahoma City,,United States,,Active EMX,,,108,a071O000016y1ma,0011O00001zqo0J,7011O000003Cyxk
Danlaw 2019 Q4 - Connected Security - B1,0,Ray Alvarado,LIFX,lifx.co,www.lifx.com,0,,14152601975,,,,,,Active EMX,,,108,a071O000016y1mb,0011O00002I6Gk6,7011O000003Cyxk
Danlaw 2019 Q4 - Connected Security - A1,250,Ray Alvarado,Lighthouse,lighthouse1893.org,lighthouse.uk.com,50,Media & Entertainment,Unit 23 Charnwood Business Park North Ro,Unit 23 Charnwood Business Park North Road,Loughborough,LE11 1LE,United Kingdom,030317937,Active EMX,624229,205,27,a071O000014UHa2,0011O00001zsCrW,7011O000003Ch5h
Danlaw 2019 Q4 - Connected Security - B1,1100,Ray Alvarado,Litehouse,litehouseinc.com,http://www.litehousefoods.com,316.23,Manufacturing,208-920-2000,100 Litehouse Dr,Sandpoint,Idaho,United States,051171130,Active EMX,311941,404,108,a071O000016y1mc,0013000000KxoFJ,7011O000003Cyxk
Danlaw 2019 Q4 - Connected Security - B1,0,Ray Alvarado,Living Home Construction & Design,living-home.net,,0,,,,,,,,Active EMX,,,108,a071O000016y1md,0011O00002I6GkA,7011O000003Cyxk
Danlaw 2019 Q4 - Connected Security - B1,100,Ray Alvarado,Lockstate,lockstate.com,http://www.lockstate.com,1000000,"Travel, Recreation, and Leisure",+1 303-317-3422,1325 S Colorado Blvd Ste 400,Denver,Colorado,United States,926673638,Active EMX,335999,,635,a071O000016y1me,0011O000022mRYn,7011O000003Cyxk
Danlaw 2019 Q4 - Connected Security - A1,35,Ray Alvarado,LONO,papayasnaturalfoods.com,http://www.papayasnaturalfoods.com,2.97,,808-823-0190,4-901 Kuhio Hwy Ste D,Kapaa,Hawaii,United States,969393552,Active EMX,445110,,201,a071O000014UHa3,0011O000029mfwi,7011O000003Ch5h
Danlaw 2019 Q4 - Connected Security - B1,0,Ray Alvarado,Lutron,lutron.com,,0,,,,,,,,Active EMX,,,108,a071O000016y1mf,0011O00002I6GkB,7011O000003Cyxk
Danlaw 2019 Q4 - Connected Security - B1,0,Ray Alvarado,Luxedecor,luxedecor.com,,0,,,,,,,,Active EMX,,,108,a071O000016y1mg,0011O00002I6GkD,7011O000003Cyxk
Danlaw 2019 Q4 - Connected Security - B1,0,Ray Alvarado,Maxmytv,maxmytv.com,,0,,,,,,,,Active EMX,,,108,a071O000016y1mh,0011O00002I6GkG,7011O000003Cyxk
Danlaw 2019 Q4 - Connected Security - A1,250,Ray Alvarado,Meshare,meshare.com,http://www.meshare.com,0,Computers & Electronics,8666865335,48389 Fremont Blvd. Ste. 106-108,Champaign,Illinois,United States,162382464,Active EMX,722511,183,196,a071O000014UHa4,0011400001iW1Rn,7011O000003Ch5h
Danlaw 2019 Q4 - Connected Security - A1,3,Ray Alvarado,MHUB,mhubchicago.com,www.mhub.tv,0.32,,773-580-1485,965 W Chicago Ave,Chicago,IL,United States,020751505,Active EMX,339113,800,108,a071O000014UHa5,0011O000020JpHl,7011O000003Ch5h
Danlaw 2019 Q4 - Connected Security - A1,450,Ray Alvarado,Midco,mccartyequipment.com,http://Midcocomm.Com,166.29,,2291775,PO Box 5010,Sioux Falls,SD,United States,,Active EMX,51791901,,52,a071O000014UHa6,0011O0000263xRq,7011O000003Ch5h
Danlaw 2019 Q4 - Connected Security - A1,0,Ray Alvarado,Midea,midea.com,,0,,,,,,,,Active EMX,,,108,a071O000014UHa7,0011O00002I6GkK,7011O000003Ch5h
Danlaw 2019 Q4 - Connected Security - A1,4999,Ray Alvarado,Milgard Manufacturing,milgard.com,http://Milgard.Com,500,Manufacturing,5816325,355 E Easy St,Simi Valley,CA,United States,,Active EMX,33999936,363,133,a071O000014UHa8,0013000000KxmR3,7011O000003Ch5h
Danlaw 2019 Q4 - Connected Security - A1,0,Ray Alvarado,MISO Robotics,misorobotics.com,,0,,,,,,,,Active EMX,,,108,a071O000014UHa9,0011O00002I6GkM,7011O000003Ch5h
Danlaw 2019 Q4 - Connected Security - B1,0,Ray Alvarado,Mistbox,mistbox.com,,0,,,,,,,,Active EMX,,,108,a071O000016y1mi,0011O00002I6GkN,7011O000003Cyxk
Danlaw 2019 Q4 - Connected Security - B1,0,Ray Alvarado,Mixtile,mixtile.com,,0,,,,,,,,Active EMX,,,108,a071O000016y1mj,0011O00002I6GkO,7011O000003Cyxk
Danlaw 2019 Q4 - Connected Security - A1,25,Ray Alvarado,Monterey Construction,montereyconstruction.com,http://www.montereyconstruction.com,2.73,Real Estate & Construction,203-790-4800,3 Springside Ave,Danbury,Connecticut,United States,831651666,Active EMX,236115,,287,a071O000014UHaA,0011400001t2paJ,7011O000003Ch5h
Danlaw 2019 Q4 - Connected Security - B1,0,Ray Alvarado,Myini,myinis.com,,0,,,,,,,,Active EMX,,,108,a071O000016y1mk,0011O00002I6GkQ,7011O000003Cyxk
Danlaw 2019 Q4 - Connected Security - A1,0,Ray Alvarado,MYRA Mirrors,myramirrors.com,,0,,,,,,,,Active EMX,,,108,a071O000014UHaB,0011O00002I6GkS,7011O000003Ch5h
Danlaw 2019 Q4 - Connected Security - A1,90,Ray Alvarado,NEST,nestonline.org,http://www.nestonline.org,0.96,Nonprofit Institutions,252-441-8622,316 Live Oak Ct,Kill Devil Hills,North Carolina,United States,021645390,Active EMX,813410,739,199,a071O000014UHaC,0011O00001wprMd,7011O000003Ch5h
Danlaw 2019 Q4 - Connected Security - A1,70,Ray Alvarado,NEST Labs,finestlodges.com,www.nest.com,57,,(855) 469-6378,900 Hansen Way,Palo Alto,CA,United States,092971060,Active EMX,541380,,62,a071O000014UHaD,0011O00002DJMWw,7011O000003Ch5h
Danlaw 2019 Q4 - Connected Security - B1,0,Ray Alvarado,Nestquest Direct,nestquestdirect.com,,0,,,,,,,,Active EMX,,,108,a071O000016y1ml,0011O00002I6GkT,7011O000003Cyxk
Danlaw 2019 Q4 - Connected Security - A1,0,Ray Alvarado,Nexia Home,nexiahome.com,,0,,,,,,,,Active EMX,,,108,a071O000014UHaE,0011O00002I6GkU,7011O000003Ch5h
Danlaw 2019 Q4 - Connected Security - B1,0,Ray Alvarado,NEXT Generation Contracting,nextgenerationcontracting.com,,0,,,,,,,,Active EMX,,,108,a071O000016y1mm,0011O00002I6GkV,7011O000003Cyxk
Danlaw 2019 Q4 - Connected Security - A1,0,Ray Alvarado,Ninja Blocks,ninjablocks.com,,0,,,,,,,,Active EMX,,,108,a071O000014UHaF,0011O00002I6GkX,7011O000003Ch5h
Danlaw 2019 Q4 - Connected Security - A1,0,Ray Alvarado,Nixplay,nixplay.com,,0,,,,,,,,Active EMX,,,108,a071O000014UHaG,0011O00002I6GkY,7011O000003Ch5h
Danlaw 2019 Q4 - Connected Security - B1,0,Ray Alvarado,Noonlight,noonlight.com,www.noonlight.com,0,,13146040900,,,,,,Active EMX,,,108,a071O000016y1mn,0011O00002I6Gka,7011O000003Cyxk
Danlaw 2019 Q4 - Connected Security - A1,1000,Ray Alvarado,Northwood Realty Services,northwood.com,http://www.northwood.com,100000000,Real Estate & Construction,+1 608-828-9590,9840 Old Perry Hwy,Boulder Junction,Wisconsin,United States,021519462,Active EMX,531210,753,406,a071O000014UHaH,001a000001XC10X,7011O000003Ch5h
Danlaw 2019 Q4 - Connected Security - B1,0,Ray Alvarado,NOSO,noso.co,,0,,,,,,,,Active EMX,,,108,a071O000016y1mo,0011O00002I6Gkb,7011O000003Cyxk
Danlaw 2019 Q4 - Connected Security - B1,0,Ray Alvarado,Notifai,notifai.io,,0,,,,,,,,Active EMX,,,108,a071O000016y1mp,0011O00002I6Gkc,7011O000003Cyxk
Danlaw 2019 Q4 - Connected Security - A1,100,Ray Alvarado,Notion,getnotion.com,www.https://getnotion.com,1000000,Computers & Electronics,+1 877-668-4660,2630 W Belleview Ave # 270,Denver,Colorado,United States,079421885,Active EMX,443142,,243,a071O000014UHaI,0011400001wMvBW,7011O000003Ch5h
Danlaw 2019 Q4 - Connected Security - A1,100,Ray Alvarado,Olibra,bondhome.io,www.https://bondhome.io,0,Computers & Electronics,,,Cresskill,New Jersey,United States,,Active EMX,,,281,a071O000014UHaJ,0011O00001zqmqw,7011O000003Ch5h
Danlaw 2019 Q4 - Connected Security - A1,0,Ray Alvarado,Oneevent Technologies,oneeventtechnologies.com,http://www.oneeventtechnologies.com,0,Business Services,608-320-0675,505 Springdale St,Mount Horeb,Wisconsin,United States,078326974,Active EMX,334290,,623,a071O000014UHaK,0011O000022mpfE,7011O000003Ch5h
Danlaw 2019 Q4 - Connected Security - B1,0,Ray Alvarado,ON-Q Technologies,legrand.us,,0,,,,,,,,Active EMX,,,108,a071O000016y1mq,0011O00002I6Gkf,7011O000003Cyxk
Danlaw 2019 Q4 - Connected Security - B1,0,Ray Alvarado,Oollee,oollee.com,,0,,,,,,,,Active EMX,,,108,a071O000016y1mr,0011O00002I6Gkg,7011O000003Cyxk
Danlaw 2019 Q4 - Connected Security - A1,100,Ray Alvarado,Orbita,orbita.com,https://www.orbita.com,1000000,Retail,8008004436,1205 Culbreth Dr,Wilmington,North Carolina,United States,789221496,Active EMX,334519,278,215,a071O000014UHaL,0011O000022moTz,7011O000003Ch5h
Danlaw 2019 Q4 - Connected Security - A1,25,Ray Alvarado,Origin Wireless,originwireless.net,http://www.originwireless.net,3.64,,301-523-1886,7500 Greenway Center Dr Ste 1070,Greenbelt,Maryland,United States,074972273,Active EMX,517312,,129,a071O000014UHaM,0011O000028cAzZ,7011O000003Ch5h
Danlaw 2019 Q4 - Connected Security - A1,0,Ray Alvarado,ORRO,orro.com,,0,,,,,,,,Active EMX,,,108,a071O000014UHaN,0011O00002I6Gki,7011O000003Ch5h
Danlaw 2019 Q4 - Connected Security - A1,52000,Ray Alvarado,OTTO,otto.de,http://www.otto.de,15000,Clothing Stores,49-4064610,Werner-Otto-Str. 1-7,Hamburg,Hamburg,Germany,315016931,Active EMX,454113,348,108,a071O000014UHaO,0013000000jgnBP,7011O000003Ch5h
Danlaw 2019 Q4 - Connected Security - B1,0,Ray Alvarado,OVAL Digital,meetoval.com,,0,,,,,,,,Active EMX,,,108,a071O000016y1ms,0011O00002I6Gkj,7011O000003Cyxk
Danlaw 2019 Q4 - Connected Security - A1,250,Ray Alvarado,Ozvision,ozvision.com,http://www.ozvision.com,50000000,Software & Internet,+1 888-705-0940,400 W Cummings Park,Woburn,Massachusetts,United States,,Active EMX,,1960,,a071O000014UHaP,0013000000LVs9p,7011O000003Ch5h
Danlaw 2019 Q4 - Connected Security - A1,40,Ray Alvarado,Palacio,palaziomensclub.com,http://www.palaziomensclub.com,1.21,,512-445-6655,501 W Ben White Blvd,Austin,Texas,United States,943396531,Active EMX,722410,634,108,a071O000014UHaQ,0011O00001xQeC1,7011O000003Ch5h
Danlaw 2019 Q4 - Connected Security - B1,0,Ray Alvarado,Peachtree Restorations,peachtreerestorations.com,,0,,,,,,,,Active EMX,,,108,a071O000016y1mt,0011O00002I6Gkk,7011O000003Cyxk
Danlaw 2019 Q4 - Connected Security - B1,0,Ray Alvarado,Peeple,peeple.io,,0,,,,,,,,Active EMX,,,108,a071O000016y1mu,0011O00002I6Gkl,7011O000003Cyxk
Danlaw 2019 Q4 - Connected Security - A1,11,Ray Alvarado,Pepper,peppergroup.com,www.wearpepper.com,1.39,Shopping,847-963-0333,220 N Smith St Ste 406,Chicago,Illinois,United States,933689028,Active EMX,541430,1469,329,a071O000014UHaR,0011400001Zvbj7,7011O000003Ch5h
Danlaw 2019 Q4 - Connected Security - A1,4999,Ray Alvarado,Pepperdine University,pepperdine.edu,http://Belkin.Com,500,Education,7515100,12045 Waterfront Dr,Playa Vista,CA,United States,,Active EMX,33441902,352,281,a071O000014UHZ7,0013000000LAS5Q,7011O000003Ch5h
Danlaw 2019 Q4 - Connected Security - B1,0,Ray Alvarado,Personal Comfort,personalcomfortbed.com,,0,,,,,,,,Active EMX,,,108,a071O000016y1mv,0011O00002I6Gkm,7011O000003Cyxk
Danlaw 2019 Q4 - Connected Security - A1,10000,Ray Alvarado,Philips,philips.com,www.philips.com,5000,Business Services,+1 719 667 4801,3000 Minuteman Rd Ms5303,Andover,MA,United States,078628040,Active EMX,423450,1249,1468,a071O000014UHaS,0013000000RnHX1,7011O000003Ch5h
Danlaw 2019 Q4 - Connected Security - B1,0,Ray Alvarado,PH Networks,ph-networks.com,,0,,,,,,,,Active EMX,,,108,a071O000016y1mw,0011O00002I6Gkn,7011O000003Cyxk
Danlaw 2019 Q4 - Connected Security - B1,0,Ray Alvarado,Pipar,playpiper.com,,0,,,,,,,,Active EMX,,,108,a071O000016y1mx,0011O00002I6Gkp,7011O000003Cyxk
Danlaw 2019 Q4 - Connected Security - B1,0,Ray Alvarado,PIUM,pium.co,,0,,,,,,,,Active EMX,,,108,a071O000016y1my,0011O00002I6Gkq,7011O000003Cyxk
Danlaw 2019 Q4 - Connected Security - A1,10,Ray Alvarado,Pleotint,suntuitiveglass.com,http://www.suntuitiveglass.com,1.27,,616-738-8540,7705 W Olive Rd,West Olive,Michigan,United States,026987334,Active EMX,541910,,108,a071O000014UHaT,0011O00002HGLCu,7011O000003Ch5h
Danlaw 2019 Q4 - Connected Security - A1,25,Ray Alvarado,PLUM,plum.com,http://www.plum.com,10000000,"Healthcare, Pharmaceuticals, & Biotech",+1 415-738-0724,1142 Filbert St,San Francisco,California,United States,054713732,Active EMX,623110,205,341,a071O000014UHaU,0011O00002AWYIi,7011O000003Ch5h
Danlaw 2019 Q4 - Connected Security - B1,0,Ray Alvarado,Plumis,plumis.us,,0,,,,,,,,Active EMX,,,108,a071O000016y1mz,0011O00002I6Gks,7011O000003Cyxk
Danlaw 2019 Q4 - Connected Security - A1,1000,Ray Alvarado,Prefix,prefix.com,http://www.prefix.com,1000000,Manufacturing,+1 248-650-1330,West Hamlin Road,Rochester Hills,MI,United States,054790324,Active EMX,541330,844,342,a071O000014UHaV,0013000000TNZ1W,7011O000003Ch5h
Danlaw 2019 Q4 - Connected Security - B1,250,Ray Alvarado,PRO,prounlimited.com,pro-recruitment.co.uk,192,Business Services,20-23 Greville Street,20-23 Greville Street,London,EC1N 8SS,United Kingdom,005071220,Active EMX,561320,221,209,a071O000016y1n0,0011400001h6alo,7011O000003Cyxk
Danlaw 2019 Q4 - Connected Security - A1,0,Ray Alvarado,Prodea,prodea.com,http://www.prodea.com,0,,(214)-278-1850,"2435 North Central Expressway, Suite 500",Richardson,TX,United States,,Active EMX,,,108,a071O000014UHaW,0011400001s9QEG,7011O000003Ch5h
Danlaw 2019 Q4 - Connected Security - B1,0,Ray Alvarado,Property Inspector,propertyinspectorllc.com,,0,,,,,,,,Active EMX,,,108,a071O000016y1n1,0011O00002I6Gku,7011O000003Cyxk
Danlaw 2019 Q4 - Connected Security - A1,700,Ray Alvarado,Protectamerica,protectamerica.com,http://www.protectamerica.com,82,Business Services,1-800-951-5111,3800 Quick Hill Rd Bldg 1-100,Austin,Texas,United States,807765342,Active EMX,561621,326,275,a071O000014UHaX,0013000000zhs2W,7011O000003Ch5h
Danlaw 2019 Q4 - Connected Security - B1,30,Ray Alvarado,Protection One,protectionone.com,http://Protection1.Com,28.52,Business Services,8214840,340 Turnpike St,Canton,MA,United States,787091222,Active EMX,42361007,759,187,a071O000016y1n2,001a000001Wq03x,7011O000003Cyxk
Danlaw 2019 Q4 - Connected Security - B1,30,Ray Alvarado,PULS,puls-us.com,http://www.puls-us.com,4.17,,630-587-9780,2560 Foxfield Rd Ste 260,Saint Charles,Illinois,United States,146126375,Active EMX,334419,599,108,a071O000016y1n3,0011O000022mPic,7011O000003Cyxk
Danlaw 2019 Q4 - Connected Security - B1,0,Ray Alvarado,PURA,purascents.com,http://purascents.com,0,Consumer Electronics,,,Orem,Utah,,,Active EMX,,,125,a071O000016y1n4,0011O00002HfYhd,7011O000003Cyxk
Danlaw 2019 Q4 - Connected Security - B1,0,Ray Alvarado,QMAX Systems,qmaxsys.com,,0,,,,,,,,Active EMX,,,108,a071O000016y1n5,0011O00002I6Gkv,7011O000003Cyxk
Danlaw 2019 Q4 - Connected Security - B1,0,Ray Alvarado,QRS Automation,qrsautomation.com,,0,,,,,,,,Active EMX,,,108,a071O000016y1n6,0011O00002I6Gkw,7011O000003Cyxk
Danlaw 2019 Q4 - Connected Security - A1,250,Ray Alvarado,Rachio,rachio.com,http://www.rachio.com,0,Computers & Electronics,+1 844-472-2446,2040 Larimer St.,Denver,Colorado,United States,,Active EMX,,1529,364,a071O000014UHaY,0011400001jC7oC,7011O000003Ch5h
Danlaw 2019 Q4 - Connected Security - B1,0,Ray Alvarado,Remote Lock,remotelock.com,,0,,,,,,,,Active EMX,,,108,a071O000016y1n7,0011O00002I6Gky,7011O000003Cyxk
Danlaw 2019 Q4 - Connected Security - B1,0,Ray Alvarado,Revolv,revolv.com,,0,,,,,,,,Active EMX,,,108,a071O000016y1n8,0011O00002I6Gl0,7011O000003Cyxk
Danlaw 2019 Q4 - Connected Security - A1,6,Ray Alvarado,Rheem,rheem.com,http://www.rheem.com,0.56,,317-572-9217,9855 Crosspoint Blvd,Indianapolis,Indiana,United States,071423988,Active EMX,238220,,108,a071O000014UHaZ,0011O00002Fgl4r,7011O000003Ch5h
Danlaw 2019 Q4 - Connected Security - A1,0,Ray Alvarado,RICO From Mindhelix,mindhelix.com,,0,,,,,,,,Active EMX,,,108,a071O000014UHaa,0011O00002I6Gl1,7011O000003Ch5h
Danlaw 2019 Q4 - Connected Security - A1,999,Ray Alvarado,Ridley,ridleyinc.com,www.ridleyinc.com,1000,Manufacturing,Level 14 345 George Street,Level 14 345 George Street,Sydney,2000,United States,254173982,Active EMX,311119,262,172,a071O000014UHab,0013000000LASIS,7011O000003Ch5h
Danlaw 2019 Q4 - Connected Security - A1,1100,Ray Alvarado,RING,ring.com,www.ring.com,165,Computers & Electronics,13108768129,1523 26th Street,Santa Monica,California,United States,090022988,Active EMX,335311,,112,a071O000014UHac,0011O000022mRtQ,7011O000003Ch5h
Danlaw 2019 Q4 - Connected Security - B1,0,Ray Alvarado,ROC-Connect,roc-connect.com,,0,,,,,,,,Active EMX,,,108,a071O000016y1n9,0011O00002I6Gl2,7011O000003Cyxk
Danlaw 2019 Q4 - Connected Security - B1,0,Ray Alvarado,Rocean,rocean.com,,0,,,,,,,,Active EMX,,,108,a071O000016y1nA,0011O00002I6Gl3,7011O000003Cyxk
Danlaw 2019 Q4 - Connected Security - B1,0,Ray Alvarado,Roomie,roomierentals.com,,0,,,,,,,,Active EMX,,,108,a071O000016y1nB,0011O00002I6Gl5,7011O000003Cyxk
Danlaw 2019 Q4 - Connected Security - A1,0,Ray Alvarado,Roomrs,roomrs.co,,0,,,,,,,,Active EMX,,,108,a071O000014UHad,0011O0000285800,7011O000003Ch5h
Danlaw 2019 Q4 - Connected Security - A1,7,Ray Alvarado,Roost,roostco.com,noticesoftware.com,0.09,Professional Services,+1 415-339-9500,200 Gate Five Road No. 116,Brentwood,Tennessee,United States,113457936,Active EMX,423220,620,187,a071O000014UHae,0011400001emUFW,7011O000003Ch5h
Danlaw 2019 Q4 - Connected Security - B1,0,Ray Alvarado,RTA Cabinet Store,rtacabinetstore.com,,0,,,,,,,,Active EMX,,,108,a071O000016y1nC,0011O00002I6Gl6,7011O000003Cyxk
Danlaw 2019 Q4 - Connected Security - B1,0,Ray Alvarado,Salus Controls,salus-tech.com,,0,,,,,,,,Active EMX,,,108,a071O000016y1nD,0011O00002I6Gl7,7011O000003Cyxk
Danlaw 2019 Q4 - Connected Security - A1,10,Ray Alvarado,SAN Juan Software,sanjuansw.com,http://www.sanjuansw.com,0.5,,360-378-8858,221 Wood Duck Ln,Friday Harbor,Washington,United States,787918320,Active EMX,541512,,108,a071O000014UHaf,0011O00002HGSpQ,7011O000003Ch5h
Danlaw 2019 Q4 - Connected Security - A1,27,Ray Alvarado,Savant,savantltd.com,www.savantsystems.com,2.5,Software & Internet,770-438-6240,301 Heritage Walk Ste 101,Woodstock,Georgia,United States,009515882,Active EMX,541512,1099,298,a071O000014UHag,0013000000Ngxvo,7011O000003Ch5h
Danlaw 2019 Q4 - Connected Security - B1,50,Ray Alvarado,Savant Systems,savantsystems.com,http://Savantsystems.Com,10.55,Computers & Electronics,4868500,3400 S West Temple,South Salt Lake,UT,United States,611019014,PAL Remove,33399901,240,281,a071O000016y1nE,001a000001P8ktv,7011O000003Cyxk
Danlaw 2019 Q4 - Connected Security - A1,0,Ray Alvarado,Schaal Heating & Cooling,callschaal.com,,0,,,,,,,,Active EMX,,,108,a071O000014UHah,0011O00002I6Gl8,7011O000003Ch5h
Danlaw 2019 Q4 - Connected Security - B1,175,Ray Alvarado,Sense,sensecorp.com,http://www.sensecorp.com,30,Professional Services - Consulting,314-266-3700,2731 Sutton Blvd Ste 200,Saint Louis,Missouri,United States,084638886,Active EMX,541611,387,162,a071O000016y1nF,0011400001aKyrH,7011O000003Cyxk
Danlaw 2019 Q4 - Connected Security - B1,0,Ray Alvarado,Sensibo,sensibo.com,,0,,,,,,,,Active EMX,,,108,a071O000016y1nG,0011O00002I6Gl9,7011O000003Cyxk
Danlaw 2019 Q4 - Connected Security - B1,82,Ray Alvarado,Sentri,sentri.com,http://sentri.me/,6.65,Information Technology Services,508-616-7900,200 Friberg Pkwy,Westborough,Massachusetts,United States,030322197,Active EMX,541512,214,108,a071O000016y1nH,001a0000019Up3S,7011O000003Cyxk
Danlaw 2019 Q4 - Connected Security - A1,18,Ray Alvarado,Sentry Security,sentrysecurity.com,http://www.sentrysecurity.com,5.9,Business Services,+1 847-353-7200,339 Egidi Dr,Wheeling,Illinois,United States,044224335,Active EMX,238210,,329,a071O000014UHai,0011O0000263wHh,7011O000003Ch5h
Danlaw 2019 Q4 - Connected Security - A1,0,Ray Alvarado,Sevenhugs,sevenhugs.com,,0,,,,,,,,Active EMX,,,108,a071O000014UHaj,0011O00002857u6,7011O000003Ch5h
Danlaw 2019 Q4 - Connected Security - A1,0,Ray Alvarado,Sidechef,sidechef.com,www.sidechef.com,0,,,,,,,,Active EMX,,,108,a071O000014UHak,0011O00002I6GlA,7011O000003Ch5h
Danlaw 2019 Q4 - Connected Security - A1,250,Ray Alvarado,Simplesafe,simplisafe.com,simplisafe.com,50000000,Business Services,18889574675,294 Washington Street,Boston,MA,United States,010647377,Active EMX,561621,,112,a071O000014UHal,0011400001uNadl,7011O000003Ch5h
Danlaw 2019 Q4 - Connected Security - A1,0,Ray Alvarado,Simplisafe Home Security,simplisafe.com,,0,,,,,,,,Active EMX,,,108,a071O000014UHam,0011O00002I6GlB,7011O000003Ch5h
Danlaw 2019 Q4 - Connected Security - A1,25,Ray Alvarado,Simply Reliable,simplyreliable.com,http://www.simplyreliable.com,10000000,Software & Internet,+1 617-505-1570,68 Harvard Street,St. Petersburg,Florida,United States,,Active EMX,,,281,a071O000014UHan,0011O00001zqmUE,7011O000003Ch5h
Danlaw 2019 Q4 - Connected Security - B1,12,Ray Alvarado,Simply Solar,simplysolarsocal.com,http://www.simplysolarelectric.com,0.73,Energy & Utilities,310-532-0995,1715 W 130Th St Ste D,Gardena,California,United States,042208865,Active EMX,238290,,468,a071O000016y1nI,0011O0000263rog,7011O000003Cyxk
Danlaw 2019 Q4 - Connected Security - B1,0,Ray Alvarado,Smartbotics,smartbotics.com,,0,,,,,,,,Active EMX,,,108,a071O000016y1nJ,0011O00002I6GlE,7011O000003Cyxk
Danlaw 2019 Q4 - Connected Security - A1,250,Ray Alvarado,Smarthome,smarthome.com,http://www.smarthome.com,50000000,Business Services,+1 800-762-7846,16542 Millikan Avenue,Irvine,California,United States,,Active EMX,,,281,a071O000014UHao,0011O00001zqo1j,7011O000003Ch5h
Danlaw 2019 Q4 - Connected Security - A1,85,Ray Alvarado,Smartlabs,smartlabsinc.com,http://www.smarthomepro.com,34,Software & Internet,1-800-762-7846,16542 MILLIKAN AVENUE,Irvine,California,United States,796622827,Active EMX,453998,230,192,a071O000014UHap,0013000000bzEdk,7011O000003Ch5h
Danlaw 2019 Q4 - Connected Security - B1,0,Ray Alvarado,Smartrent,smartrent.com,,0,,,,,,,,Active EMX,,,108,a071O000016y1nK,0011O00002I6GlF,7011O000003Cyxk
Danlaw 2019 Q4 - Connected Security - B1,0,Ray Alvarado,Smartthings,smartthings.com,www.smartthings.com,0,,,,,,,,Active EMX,,,108,a071O000016y1nL,0011O00002I6GlG,7011O000003Cyxk
Danlaw 2019 Q4 - Connected Security - B1,0,Ray Alvarado,Smartwithyou,smartwithyou.com,,0,,,,,,,,Active EMX,,,108,a071O000016y1nM,0011O00002I6GlH,7011O000003Cyxk
Danlaw 2019 Q4 - Connected Security - B1,0,Ray Alvarado,Smashtoast,smashtoast.com,,0,,,,,,,,Active EMX,,,108,a071O000016y1nN,0011O00002I6GlI,7011O000003Cyxk
Danlaw 2019 Q4 - Connected Security - B1,0,Ray Alvarado,Sonitrolky,sonitrolky.com,,0,,,,,,,,Active EMX,,,108,a071O000016y1nO,0011O00002I6GlK,7011O000003Cyxk
Danlaw 2019 Q4 - Connected Security - A1,0,Ray Alvarado,Speak to Iot,speaktoiot.com,,0,,,,,,,,Active EMX,,,108,a071O000014UHaq,0011O00002I6GlL,7011O000003Ch5h
Danlaw 2019 Q4 - Connected Security - A1,0,Ray Alvarado,Stabley Home Entertainment,stabley.net,,0,,,,,,,,Active EMX,,,108,a071O000014UHar,0011O00002I6GlM,7011O000003Ch5h
Danlaw 2019 Q4 - Connected Security - B1,0,Ray Alvarado,Stark's Vacuums,starks.com,,0,,,,,,,,Active EMX,,,108,a071O000016y1nP,0011O00002I6GlN,7011O000003Cyxk
Danlaw 2019 Q4 - Connected Security - B1,0,Ray Alvarado,Stratisiot,stratisiot.com,,0,,,,,,,,Active EMX,,,108,a071O000016y1nQ,0011O00002I6GlT,7011O000003Cyxk
Danlaw 2019 Q4 - Connected Security - B1,0,Ray Alvarado,Super Soundproofing Co?,soundproofing.org,,0,,,,,,,,Active EMX,,,108,a071O000016y1nR,0011O00002I6GlU,7011O000003Cyxk
Danlaw 2019 Q4 - Connected Security - B1,100,Ray Alvarado,Sutro,mysutro.com,https://www.mysutro.com,0,Real Estate & Construction,(415)299-8082,Pier 9,San Francisco,California,United States,,Active EMX,,,,a071O000016y1nS,0011400001s9PBw,7011O000003Cyxk
Danlaw 2019 Q4 - Connected Security - A1,0,Ray Alvarado,Sweepovac,sweepovac.com,,0,,,,,,,,Active EMX,,,108,a071O000014UHas,0011O00002I6GlV,7011O000003Ch5h
Danlaw 2019 Q4 - Connected Security - A1,0,Ray Alvarado,Switchmate,myswitchmate.com,,0,,,,,,,,Active EMX,,,108,a071O000014UHat,0011O00002I6GlW,7011O000003Ch5h
Danlaw 2019 Q4 - Connected Security - B1,0,Ray Alvarado,Taechyon Robotics,taechyon.com,,0,,,,,,,,Active EMX,,,108,a071O000016y1nT,0011O00002I6GlY,7011O000003Cyxk
Danlaw 2019 Q4 - Connected Security - A1,100,Ray Alvarado,TANK Utility,tankutility.com,https://www.tankutility.com,0,Telecommunications,+1 617-910-6261,1228 Cambridge St.,Cambridge,Massachusetts,United States,,Active EMX,,,,a071O000014UHau,0011400001s9MKj,7011O000003Ch5h
Danlaw 2019 Q4 - Connected Security - A1,10,Ray Alvarado,TCP,tcpglobal.com,http://www.tcpglobal.com,0.76,,256-353-5049,150 Perry Ave,Somerville,Alabama,United States,627848380,Active EMX,237110,701,108,a071O000014UHav,0011O000021sm5M,7011O000003Ch5h
Danlaw 2019 Q4 - Connected Security - B1,0,Ray Alvarado,TEAM Concepts,teamconceptsinc.com,,0,,,,,,,,Active EMX,,,108,a071O000016y1nU,0011O00002I6GlZ,7011O000003Cyxk
Danlaw 2019 Q4 - Connected Security - A1,0,Ray Alvarado,Techmenity,techmenity.com,,0,,,,,,,,Active EMX,,,108,a071O000014UHax,0011O00002I6Gla,7011O000003Ch5h
Danlaw 2019 Q4 - Connected Security - A1,99600,Ray Alvarado,TE Connectivity,te.com,http://Te.Com,11890,Manufacturing,8939800,1050 Westlakes Dr,Berwyn,PA,United States,,Active EMX,33599903,271,196,a071O000014UHaw,001a000001Xf0JQ,7011O000003Ch5h
Danlaw 2019 Q4 - Connected Security - A1,0,Ray Alvarado,Tectonic Audio Labs,tectonicaudiolabs.com,,0,,,,,,,,Active EMX,,,108,a071O000014UHay,0011O00002I6Glb,7011O000003Ch5h
Danlaw 2019 Q4 - Connected Security - B1,0,Ray Alvarado,TEMI,temi.com,,0,,,,,,,,Active EMX,,,108,a071O000016y1nV,0011O00002I6Glc,7011O000003Cyxk
Danlaw 2019 Q4 - Connected Security - A1,4300,Ray Alvarado,The Chamberlain Group,thecgroup.com,http://www.chamberlain.com,1500,"Healthcare, Pharmaceuticals, & Biotech",1-630-279-3600,934 MAIN ST,Oak Brook,Illinois,United States,068675094,Active EMX,3343,800,209,a071O000014UHaz,0011O000020JqA3,7011O000003Ch5h
Danlaw 2019 Q4 - Connected Security - A1,0,Ray Alvarado,Thedriverslab,homeation.com,,0,,,,,,,,Active EMX,,,108,a071O000014UHb1,0011O00002I6Gli,7011O000003Ch5h
Danlaw 2019 Q4 - Connected Security - B1,0,Ray Alvarado,The Murphy Door,murphydoor.com,,0,,,,,,,,Active EMX,,,108,a071O000016y1nW,0011O00002I6Glf,7011O000003Cyxk
Danlaw 2019 Q4 - Connected Security - B1,0,Ray Alvarado,The Poddi,poddi.co,,0,,,,,,,,Active EMX,,,108,a071O000016y1nX,0011O00002I6Glg,7011O000003Cyxk
Danlaw 2019 Q4 - Connected Security - B1,0,Ray Alvarado,The Porch Pod,theporchpod.com,,0,,,,,,,,Active EMX,,,108,a071O000016y1nY,0011O00002I6Glh,7011O000003Cyxk
Danlaw 2019 Q4 - Connected Security - A1,200,Ray Alvarado,Therm,therm.com,http://www.therm.com,52,Manufacturing,1-607-272-8500,1000 Hudson Street Ext,Ithaca,New York,United States,002228542,Active EMX,336412,240,133,a071O000014UHb2,0013000000TNZEL,7011O000003Ch5h
Danlaw 2019 Q4 - Connected Security - A1,1000,Ray Alvarado,The Rockefeller Group,rockefellergroup.com,http://www.rockefellergroup.com,100000000,Real Estate & Construction,+1 212-282-2000,1221 Avenue of the Americas,New York,New York,United States,055258193,Active EMX,531210,273,247,a071O000014UHb0,0013000000Llinm,7011O000003Ch5h
Danlaw 2019 Q4 - Connected Security - A1,100,Ray Alvarado,Thinkeco,thinkecoinc.com,www.thinkeco.com,10000000,Computers & Electronics,18006840284,148 Madison Ave,New York,New York,United States,,Active EMX,,,112,a071O000014UHb3,0011O00001zqm6O,7011O000003Ch5h
Danlaw 2019 Q4 - Connected Security - A1,250,Ray Alvarado,THIS Old House Ventures,thisoldhouse.com,www.thisoldhouse.com,50000000,Real Estate & Construction,8773607546,1185 Avenue of the Americas Fl 27,New York,New York,United States,957835726,Active EMX,511120,198,440,a071O000014UHb4,0011400001w6TND,7011O000003Ch5h
Danlaw 2019 Q4 - Connected Security - B1,0,Ray Alvarado,TIF Supply,tifsupply.com,,0,,,,,,,,Active EMX,,,108,a071O000016y1nZ,0011O00002I6Glk,7011O000003Cyxk
Danlaw 2019 Q4 - Connected Security - B1,0,Ray Alvarado,TOOR Technologies,toor.today,,0,,,,,,,,Active EMX,,,108,a071O000016y1na,0011O00002I6Glm,7011O000003Cyxk
Danlaw 2019 Q4 - Connected Security - B1,10,Ray Alvarado,TOWN + Country,tcaggregates.com,,3.76,,44-0129-827596,Smalldale Farm,Cheltenham,Gloucestershire,GB,211780239,Active EMX,423390,,108,a071O000016y1nb,0011400001qkKKZ,7011O000003Cyxk
Danlaw 2019 Q4 - Connected Security - A1,32,Ray Alvarado,Treeium,treeium.com,http://www.treeium.com,4.83,Real Estate & Construction,855-833-8733,5352 Laurel Canyon Blvd Ste 200,Valley Village,California,United States,078816364,Active EMX,236118,1322,488,a071O000014UHb5,0011400001pDhdS,7011O000003Ch5h
Danlaw 2019 Q4 - Connected Security - B1,0,Ray Alvarado,Trident Microsystems,tridentmicro.com,www.tridentmicro.com,557.2,Electrical/Electronic Manufacturing,408-962-5000,1170 Kifer Rd,Mountain View,California,United States,181059304,Active EMX,334413,1611,108,a071O000016y1nc,0013000000Kxmvf,7011O000003Cyxk
Danlaw 2019 Q4 - Connected Security - B1,0,Ray Alvarado,Trifo,trifo.com,,0,,,,,,,,Active EMX,,,108,a071O000016y1nd,0011O00002I6Gln,7011O000003Cyxk
Danlaw 2019 Q4 - Connected Security - A1,0,Ray Alvarado,Trutankless,trutankless.com,,0,,,,,,,,Active EMX,,,108,a071O000014UHb6,0011O00002I6Glo,7011O000003Ch5h
Danlaw 2019 Q4 - Connected Security - A1,0,Ray Alvarado,Ubinet,ubi-net.us,,0,,,,,,,,Active EMX,,,108,a071O000014UHb7,0011O00002I6Glq,7011O000003Ch5h
Danlaw 2019 Q4 - Connected Security - B1,24,Ray Alvarado,Ucontrol,ucontrol.co.uk,www.ucontrol.co.uk,0.76,Semiconductor & Other Electronic Component Manufacturing,512-637-0909,5918 W Courtyard Dr #400,Austin,TX,United States,788317522,Active EMX,561613,1488,108,a071O000016y1ne,0011400001jxUUl,7011O000003Cyxk
Danlaw 2019 Q4 - Connected Security - B1,3707,Ray Alvarado,Universal Electronics,ueic.com,http://Uei.Com,680.24,Audio & Video Equipment Manufacturing,5303000,15147 N Scottsdale Rd # H300,Scottsdale,AZ,United States,,Active EMX,54151108,363,74,a071O000016y1nf,0013000000KxmSk,7011O000003Cyxk
Danlaw 2019 Q4 - Connected Security - A1,0,Ray Alvarado,UPNP Forum,forum.upnp.org,,0,,,,,,,,Active EMX,,,108,a071O000014UHb8,0011O00002I6Glr,7011O000003Ch5h
Danlaw 2019 Q4 - Connected Security - A1,0,Ray Alvarado,Uxari Home Automation,uxari.com,,0,,,,,,,,Active EMX,,,108,a071O000014UHb9,0011O00002I6Glw,7011O000003Ch5h
Danlaw 2019 Q4 - Connected Security - B1,0,Ray Alvarado,Vection Group,vectiongroup.com,,0,,,,,,,,Active EMX,,,108,a071O000016y1ng,0011O00002I6Gly,7011O000003Cyxk
Danlaw 2019 Q4 - Connected Security - A1,4999,Ray Alvarado,Vector Security,vectorsecurity.com,http://www.vectorsecurity.com,250,Business Services,1-724-741-2200,2000 Ericsson Dr,Warrendale,Pennsylvania,United States,075475533,Active EMX,561621,599,108,a071O000014UHbA,0011400001iVk39,7011O000003Ch5h
Danlaw 2019 Q4 - Connected Security - A1,0,Ray Alvarado,Vidaloop,vidaloop.com,,0,,,,,,,,Active EMX,,,108,a071O000014UHbB,0011O00002I6Glz,7011O000003Ch5h
Danlaw 2019 Q4 - Connected Security - B1,0,Ray Alvarado,Virtualkey,virtualkey.co,,0,,,,,,,,Active EMX,,,108,a071O000016y1nh,0011O00002I6Gm0,7011O000003Cyxk
Danlaw 2019 Q4 - Connected Security - B1,0,Ray Alvarado,Visible Energy,visible-energy.net,,0,,,,,,,,Active EMX,,,108,a071O000016y1ni,0011O00002I6Gm1,7011O000003Cyxk
Danlaw 2019 Q4 - Connected Security - B1,0,Ray Alvarado,Vognition,vognition.com,https://www.vognition.com,0,,,,New York City,,United States,,Active EMX,,,108,a071O000016y1nj,0011O00001xouQU,7011O000003Cyxk
Danlaw 2019 Q4 - Connected Security - A1,70,Ray Alvarado,Voicebox Technologies,voicebox.com,www.voicebox.com,24.4,Software & Internet,425-968-7900,1110 112Th Ave Ne Ste 500,Bellevue,Washington,United States,112208181,PAL Remove,541511,387,278,a071O000014UHbC,001300000154O0y,7011O000003Ch5h
Danlaw 2019 Q4 - Connected Security - B1,0,Ray Alvarado,VSSL Audio,vssl.com,,0,,,,,,,,Active EMX,,,108,a071O000016y1nk,0011O00002I6Gm3,7011O000003Cyxk
Danlaw 2019 Q4 - Connected Security - A1,0,Ray Alvarado,Wawlee,wawlee.com,,0,,,,,,,,Active EMX,,,108,a071O000014UHbD,0011O00002I6Gm4,7011O000003Ch5h
Danlaw 2019 Q4 - Connected Security - A1,0,Ray Alvarado,Webcurfew,webcurfew.com,http://www.webcurfew.com,0,,,"222 Merchandise Mart Plaza, Suite 1212",Chicago,IL,United States,,Active EMX,,,108,a071O000014UHbE,0011400001s9OpP,7011O000003Ch5h
Danlaw 2019 Q4 - Connected Security - A1,25,Ray Alvarado,Wehaus,wehaus.com,http://www.wehaus.com,10000000,,,208 E 13th St,New York,New York,United States,,Active EMX,,,281,a071O000014UHbF,0011O00001zqn8L,7011O000003Ch5h
Danlaw 2019 Q4 - Connected Security - A1,110,Ray Alvarado,WINK,wink.com,www.wink.com,15.72,Internet Software & Services,(510) 337-2950,606 W 28Th St Fl 7,New York,New York,United States,080220380,Active EMX,511210,230,112,a071O000014UHbG,0011400001rFAkr,7011O000003Ch5h
Danlaw 2019 Q4 - Connected Security - B1,0,Ray Alvarado,Winkbeds,winkbeds.com,,0,,,,,,,,Active EMX,,,108,a071O000016y1nl,0011O00002I6Gm5,7011O000003Cyxk
Danlaw 2019 Q4 - Connected Security - A1,21,Ray Alvarado,Witlingo,witlingo.com,https://www.witlingo.com,0.43,Software & Internet,202-615-6128,6505 Divine St,Mclean,Virginia,United States,080359709,Active EMX,541511,,846,a071O000014UHbH,0011400001rY8ts,7011O000003Ch5h
Danlaw 2019 Q4 - Connected Security - A1,14,Ray Alvarado,Yonomi,yonomi.co,www.yonomi.co,0.08,,13035890070,939 Pearl St Ste 205,Boulder,Colorado,United States,079813094,Active EMX,541511,,108,a071O000014UHbI,0011O00002HGFNU,7011O000003Ch5h
Danlaw 2019 Q4 - Connected Security - A1,25,Ray Alvarado,Yougotlistings,yougotlistings.com,http://www.yougotlistings.com,1000000,Real Estate & Construction,6178900873,100 Hano Street Suite 23,Allston,Massachusetts,United States,,Active EMX,,,281,a071O000014UHbJ,0011O00001zqmIu,7011O000003Ch5h
Danlaw 2019 Q4 - Connected Security - A1,0,Ray Alvarado,Yzoak,yzoak.co,http://www.yzoak.co,0,,(510) 697-1804,2600 Wallace Street,Oakland,CA,United States,,Active EMX,,,108,a071O000014UHbK,0011400001s9NSy,7011O000003Ch5h
Danlaw 2019 Q4 - Connected Security - B1,0,Ray Alvarado,Zacxo,zacxo.com,,0,,,,,,,,Active EMX,,,108,a071O000016y1nm,0011O00002I6Gm7,7011O000003Cyxk
Danlaw 2019 Q4 - Connected Security - A1,250,Ray Alvarado,ZEN Ecosystems,zenecosystems.com,www.https://zenecosystems.com,0,Software & Internet,+1 949-359-8208,,Newport Beach,California,United States,,Active EMX,,,281,a071O000014UHbL,0011O00001zqmvr,7011O000003Ch5h
Danlaw 2019 Q4 - Connected Security - A1,100,Ray Alvarado,Zitovault,zitovault.com,http://www.zitovault.com,0,Software & Internet,8559799486,,Carlsbad,California,United States,,Active EMX,,,281,a071O000014UHbM,0011O00001zqn5L,7011O000003Ch5h
Danlaw 2019 Q4 - Connected Security - A1,700,Ray Alvarado,Zmodo Technology,eptco.com,http://www.eptco.com,47,Software & Internet,,17870 Castleton St Ste 200,City Of Industry,California,United States,079460233,Active EMX,423690,363,281,a071O000014UHbN,0011400001dCAJL,7011O000003Ch5h
Danlaw 2019 Q4 - Connected Security - A1,23,Ray Alvarado,Zonoff,zonoff.com,http://www.zonoff.com,3.73,Information Technology Services,215-798-1020,1200 Atwater Dr Ste 210,Malvern,Pennsylvania,United States,064256620,Active EMX,541511,1230,223,a071O000014UHbP,0011400001eyH0x,7011O000003Ch5h
Danlaw 2019 Q4 - Connected Security - A1,0,Ray Alvarado,ZON Products,zonproducts.com,,0,,,,,,,,Active EMX,,,108,a071O000014UHbO,0011O00002I6Gm9,7011O000003Ch5h
Danlaw 2019 Q4 - Connected Security - B1,0,Ray Alvarado,Zorachka,zorachka.com,,0,,,,,,,,Active EMX,,,108,a071O000016y1nn,0011O00002I6GmA,7011O000003Cyxk
Danlaw 2019 Q4 - Connected Security - A1,0,Ray Alvarado,ZULI,zuli.io,zulily.com,0,internet,+1 877-779-5614,"461 2nd Street, Suite 207",Seattle,Washington,United States,,Active EMX,,,125,a071O000014UHbQ,0011400001s9QHD,7011O000003Ch5h
